SA3_CODE_2016,Tot_65_69_HW_0,Tot_65_69_HW_1_15,Tot_65_69_HW_16_24,Tot_65_69_HW_25_34,Tot_65_69_HW_35_39,Tot_65_69_HW_40,Tot_65_69_HW_41_48,Tot_65_69_HW_49mor,Tot_65_69_HW_NS,Tot_65_69_Tot,Tot_70_74_HW_0,Tot_70_74_HW_1_15,Tot_70_74_HW_16_24,Tot_70_74_HW_25_34,Tot_70_74_HW_35_39,Tot_70_74_HW_40,Tot_70_74_HW_41_48,Tot_70_74_HW_49mor,Tot_70_74_HW_NS,Tot_70_74_Tot,Tot_75ov_HW_0,Tot_75ov_HW_1_15,Tot_75ov_HW_16_24,Tot_75ov_HW_25_34,Tot_75ov_HW_35_39,Tot_75ov_HW_40,Tot_75ov_HW_41_48,Tot_75ov_HW_49mor,Tot_75ov_HW_NS,Tot_75ov_Tot,Tot_Tot_HW_0,Tot_Tot_HW_1_15,Tot_Tot_HW_16_24,Tot_Tot_HW_25_34,Tot_Tot_HW_35_39,Tot_Tot_HW_40,Tot_Tot_HW_41_48,Tot_Tot_HW_49mor,Tot_Tot_HW_NS,Tot_Tot_Tot
10102,19,102,64,65,57,62,27,97,5,494,14,59,39,23,5,17,12,35,3,209,4,29,24,17,7,15,5,24,10,140,480,1732,1250,1576,2675,2755,1574,2639,274,14949
10103,18,66,42,40,37,51,21,90,6,372,13,41,34,18,12,22,10,54,11,215,9,22,15,6,7,14,9,30,12,126,293,947,852,1262,1748,1328,983,2019,219,9656
10104,62,290,161,115,103,91,47,145,29,1046,26,113,50,60,19,36,7,48,16,373,15,58,28,29,11,19,5,33,19,212,1009,3630,2946,3657,4257,3311,1735,2927,509,23975
10105,18,88,60,54,47,58,20,88,18,444,3,49,35,26,12,20,15,40,3,199,8,39,16,24,7,16,3,20,8,131,434,1374,1335,1517,2509,2110,1013,1864,275,12425
10106,20,85,64,55,45,49,26,82,3,436,15,56,22,24,17,29,14,33,4,217,8,27,14,25,11,30,6,24,7,149,313,1055,935,1085,1483,1440,788,1587,209,8897
10201,79,442,338,214,197,193,80,186,31,1760,33,210,121,81,45,52,15,64,21,634,13,94,40,23,16,23,13,27,31,281,2090,8314,7444,7721,10682,9933,4374,6939,991,58479
10202,66,247,223,157,163,133,47,128,24,1187,16,141,81,55,32,27,16,36,10,414,12,58,30,15,12,13,0,13,23,175,1636,6321,5680,6156,9031,7686,3507,5214,894,46120
10301,33,132,99,67,72,98,44,135,13,695,23,94,43,35,21,28,9,48,9,310,8,50,19,21,11,14,3,28,13,174,739,2460,1914,2143,4098,3261,1648,2917,389,19570
10302,33,120,125,94,83,131,76,267,30,959,31,83,56,64,25,52,20,112,19,472,23,75,49,57,16,57,26,98,48,450,813,2225,1978,2422,3259,3400,1993,4492,554,21138
10303,36,117,85,79,62,64,21,121,10,588,14,84,41,41,28,35,12,57,16,325,6,40,29,29,17,23,10,35,20,217,660,1939,1807,2030,2950,2711,1718,3215,356,17386
10304,58,164,118,94,90,115,44,132,25,844,21,85,64,48,24,34,26,76,17,395,11,50,44,26,21,15,14,53,28,253,954,2609,2353,2707,4606,4272,2540,4613,443,25096
10401,30,136,103,80,51,65,24,81,25,591,17,60,47,27,11,27,15,33,12,237,8,46,29,20,13,13,7,30,19,185,639,2154,1918,2360,3116,2225,1230,2238,357,16233
10402,57,272,169,133,141,107,50,133,17,1074,22,94,59,53,28,25,14,39,5,337,7,49,29,18,18,18,0,18,28,182,1167,4619,3839,4902,6372,4804,2343,3958,611,32611
10501,24,56,38,32,35,74,14,117,16,409,3,33,23,23,20,27,9,58,12,210,12,28,15,18,6,24,4,60,11,186,371,714,685,904,1386,1404,852,2770,281,9355
10502,18,54,39,20,32,32,16,59,3,263,4,25,7,8,8,11,7,25,5,100,7,8,4,8,0,10,3,9,16,64,353,791,632,874,1568,1267,617,1566,202,7870
10503,49,152,125,118,125,148,65,250,33,1063,15,81,73,49,33,59,27,112,11,461,11,72,57,44,23,56,20,77,29,390,980,2747,2414,3024,5837,4972,2495,4921,586,27976
10601,43,196,139,88,76,95,61,142,14,840,11,71,63,48,11,34,18,59,13,322,8,44,42,19,9,18,19,38,22,218,1234,3811,3433,3361,5149,4987,3811,6130,672,32593
10602,33,139,115,68,81,66,28,71,14,622,8,69,34,21,12,18,13,17,6,199,3,27,15,10,5,6,0,16,16,108,886,3529,3059,3339,5038,4424,2291,3433,423,26419
10603,32,180,95,82,72,83,41,94,18,698,16,101,39,23,19,15,13,29,18,274,7,44,31,17,11,12,3,20,3,150,941,3261,2583,2921,5141,4685,2911,3716,479,26644
10604,20,86,58,35,34,60,27,85,14,415,9,37,33,19,15,18,10,51,6,187,9,27,20,24,6,30,4,17,17,146,523,1406,1295,1422,2495,2123,1482,2510,281,13538
10701,33,122,99,66,76,75,37,81,13,588,8,53,25,16,13,14,7,23,3,167,4,23,3,13,8,9,3,9,12,84,876,2839,2645,2860,5062,4844,2574,3683,434,25822
10702,0,0,0,0,0,0,0,0,0,0,0,0,0,0,0,0,0,0,0,0,0,0,0,0,0,0,0,0,0,0,3,7,4,5,10,10,6,13,0,58
10703,21,144,90,68,54,56,23,57,15,529,14,76,23,25,14,18,10,16,13,203,9,31,10,13,3,13,0,9,10,108,817,3778,3010,3097,3751,3438,1664,2567,354,22483
10704,66,277,226,149,159,128,53,127,25,1217,21,126,63,44,41,54,9,39,22,411,12,72,30,13,13,14,3,18,26,191,1879,7604,6716,6460,10561,8593,3885,5663,902,52270
10801,23,104,68,63,46,27,15,45,8,397,4,53,22,17,3,11,6,20,5,138,3,19,6,7,3,11,0,16,14,91,370,1387,1188,1379,1536,1218,595,1105,205,8988
10802,38,131,95,83,69,75,30,104,20,641,11,37,43,21,10,26,11,37,16,223,15,23,19,18,16,16,6,29,18,158,611,1957,1839,2153,2752,1924,1078,2017,418,14753
10803,3,6,0,0,3,4,0,0,0,14,0,0,0,0,0,0,0,0,0,5,0,0,0,0,0,0,0,0,0,7,24,27,21,27,19,44,17,31,9,214
10804,40,211,155,121,85,115,41,116,22,898,26,109,67,57,22,29,10,34,23,364,9,62,24,22,15,15,11,17,17,192,1003,3645,3043,4020,5253,4344,2110,3595,528,27531
10805,33,175,110,99,61,77,34,84,17,700,21,81,43,33,24,26,12,49,15,299,11,44,20,17,9,16,3,27,23,175,788,2327,2011,2458,3094,2503,1188,2049,406,16815
10901,54,209,130,114,106,102,40,138,24,912,25,89,40,28,12,25,18,52,11,299,19,49,24,28,15,9,5,21,17,190,1113,3513,2908,3746,5340,4422,2674,3849,507,28063
10902,22,35,26,37,21,27,10,51,11,235,6,16,14,9,6,13,5,12,5,84,3,12,7,11,5,4,10,15,5,74,198,494,426,560,864,824,392,1214,153,5125
10903,39,137,111,73,56,91,36,156,36,726,32,80,42,38,14,34,16,90,20,354,22,53,36,23,22,20,11,52,16,245,706,1945,1522,1822,2590,2629,1287,3004,389,15892
11001,27,129,76,65,58,64,28,167,13,632,10,68,40,35,24,39,21,79,15,317,14,40,31,23,6,28,9,44,10,215,566,2072,1580,1862,3059,2194,1230,2571,313,15451
11002,31,118,94,46,67,78,40,176,23,667,8,91,46,47,18,49,17,116,23,404,18,52,31,39,13,36,9,77,40,319,514,1619,1325,1705,2405,1861,940,2595,372,13346
11003,27,74,47,46,60,76,23,111,11,478,9,38,21,22,15,23,3,48,15,203,25,20,11,16,12,27,4,34,8,153,452,954,833,1128,1920,1899,951,2592,292,11027
11004,57,185,177,137,159,126,82,238,24,1188,23,114,77,65,29,51,22,105,24,511,19,78,39,44,30,36,18,78,29,361,1210,3476,3004,3883,6448,5847,3168,6037,716,33799
11101,48,248,169,124,104,94,28,79,11,898,15,138,51,36,20,18,9,22,7,324,12,51,20,15,9,13,12,7,14,153,1450,6128,5126,5261,7585,6708,3228,4209,617,40300
11102,32,139,104,81,47,49,31,74,13,563,10,78,49,16,11,11,9,18,4,204,4,36,19,3,3,4,3,3,6,81,677,2304,2073,2365,3240,2906,1537,2176,301,17577
11103,106,411,331,252,266,289,89,229,41,2004,35,204,112,69,46,63,34,48,18,615,20,141,51,23,25,21,10,22,44,355,3705,10614,10655,11603,20039,18890,8964,12205,1537,98220
11201,60,299,203,167,95,102,39,131,24,1119,18,134,63,42,29,36,15,50,16,404,5,71,35,21,11,32,12,31,26,249,925,4480,3887,4729,4870,4094,1945,3495,621,29042
11202,60,230,171,156,133,140,46,196,30,1154,17,115,51,61,36,37,18,74,14,415,17,53,42,28,19,24,25,56,49,308,955,3559,3260,4340,5782,4458,2027,3605,590,28582
11203,48,261,151,127,118,94,48,118,14,974,12,87,55,48,27,41,18,38,9,331,12,77,25,25,13,17,10,32,16,221,913,3804,3311,4092,4765,4021,1958,3521,608,26997
11301,64,96,93,82,101,88,42,164,22,758,23,72,36,36,26,30,15,48,8,299,17,55,36,24,13,27,13,31,25,242,801,2055,1847,2183,4283,3954,2006,3575,511,21213
11302,21,42,32,32,26,24,17,67,11,264,10,28,14,6,7,19,3,26,6,123,4,15,14,11,10,10,6,18,6,97,226,636,563,625,992,817,577,1285,153,5889
11303,63,263,196,130,151,158,71,214,43,1293,31,116,73,59,30,59,27,118,23,535,14,93,46,49,16,26,25,70,46,390,1419,4428,3736,4511,8285,7126,3690,6811,835,40838
11401,68,310,214,145,92,91,48,126,34,1125,20,133,53,57,23,32,12,49,14,403,12,64,32,29,11,19,3,14,27,206,1304,4952,4051,4545,6120,5158,2931,4237,760,34050
11402,38,226,144,119,85,81,46,109,7,862,9,147,83,69,23,35,11,34,10,419,11,74,50,24,12,21,15,35,10,253,525,2671,2209,2316,2978,2820,1468,2627,296,17922
11501,68,384,259,227,228,249,86,229,30,1756,16,159,112,70,52,65,20,45,20,564,8,96,44,36,12,19,10,24,20,258,1591,7677,6741,6208,10449,12691,5071,8761,1129,60322
11502,24,83,71,43,40,57,29,69,3,425,10,62,34,27,13,21,7,28,3,204,10,36,18,15,6,14,0,10,6,124,268,1610,1259,1160,1385,1763,852,1659,180,10139
11503,13,54,36,24,10,31,5,30,6,206,4,20,20,7,5,12,8,11,0,89,0,11,11,10,7,11,3,11,4,65,119,585,485,486,520,736,267,832,90,4114
11504,13,50,52,29,21,37,21,40,4,257,6,39,19,14,8,15,3,7,3,116,0,17,12,10,5,4,0,6,3,51,269,1671,1338,1232,1645,1948,877,1837,212,11035
11601,38,184,191,147,218,171,99,146,28,1218,7,85,67,42,45,47,12,42,19,360,14,47,25,12,10,18,4,12,16,149,1319,4945,4777,4804,10709,9895,4322,6403,1062,48225
11602,10,56,61,45,46,60,19,50,15,351,0,44,21,12,18,18,3,15,6,134,0,12,10,8,0,7,0,3,4,46,418,2085,1734,1678,2464,2703,1180,2421,315,14999
11603,57,109,90,96,182,175,71,121,28,931,8,55,38,27,44,31,12,27,7,242,3,17,13,8,5,3,0,7,12,68,1168,3407,3476,4190,10903,9475,4330,6894,1153,44987
11701,50,129,144,137,222,269,103,140,28,1222,18,64,54,36,53,60,28,22,6,339,4,34,28,21,11,15,3,15,11,148,2204,3493,5243,6124,12406,13592,6466,8584,1261,59366
11702,18,133,106,63,142,108,47,82,9,706,11,48,35,34,16,39,16,26,6,228,3,32,17,15,13,16,0,5,3,105,569,2441,2914,2457,4660,4879,2189,3476,488,24081
11703,347,1152,1147,877,1368,1361,593,1170,147,8161,133,601,492,340,317,393,141,359,96,2870,73,336,211,162,115,153,53,123,96,1325,14469,26382,40608,33943,97480,126204,56723,92000,8227,496038
11801,57,437,301,265,193,218,96,210,26,1806,27,259,146,115,60,102,38,77,20,846,17,198,93,73,32,40,17,48,27,551,1248,6769,6932,5637,7182,9238,4558,7944,947,50448
11802,53,270,194,131,179,173,67,152,15,1232,25,154,92,52,58,50,25,46,14,512,10,84,55,20,15,26,8,27,18,243,1280,5646,5197,4515,8060,8294,3251,5508,829,42583
11901,51,235,251,198,312,263,91,191,25,1616,23,124,107,68,72,84,25,49,19,556,18,78,29,21,26,28,8,25,18,246,1592,6353,6170,5919,13639,12256,5235,7815,1462,60435
11902,32,150,124,84,117,124,47,87,14,778,12,56,49,26,30,32,5,24,4,237,13,34,19,24,13,29,0,15,5,144,765,3358,3484,3167,5497,5832,2240,3450,720,28506
11903,33,200,159,107,89,98,42,75,16,827,10,112,72,36,26,21,7,26,17,329,6,59,34,28,3,20,5,11,3,166,804,4175,3855,3282,4928,4835,2017,2986,638,27520
11904,54,185,176,116,172,150,51,126,20,1062,16,90,55,38,47,36,12,27,4,330,8,62,30,20,16,12,4,6,4,168,1006,3609,4359,3812,6315,6879,2476,3992,737,33180
12001,29,186,144,90,112,124,45,91,12,842,10,90,58,30,28,34,18,38,12,321,10,51,20,15,5,17,3,21,11,141,955,3333,3682,3149,6350,7860,2897,4536,659,33410
12002,28,156,126,82,73,81,50,93,17,698,12,73,57,45,21,28,17,33,7,285,6,46,26,18,10,12,7,11,4,133,576,2581,2524,2266,3543,4194,1912,3319,410,21324
12003,55,260,221,197,236,264,82,173,21,1510,11,151,95,63,70,77,21,47,13,540,13,93,53,26,23,30,3,30,18,290,1498,6115,6218,5679,10824,10789,4310,6587,1137,53154
12101,64,387,410,253,318,344,122,257,33,2198,52,222,176,102,64,90,32,66,16,810,20,154,73,40,23,37,13,24,13,402,2145,7382,8310,6871,14251,19310,7951,12280,1302,79807
12102,34,161,159,85,96,98,27,85,13,762,8,88,49,33,33,31,19,34,3,300,3,54,28,17,7,15,3,15,7,161,709,3444,2915,2591,4108,4487,1935,3237,445,23876
12103,48,391,295,183,116,155,58,154,21,1421,32,261,145,90,29,45,21,38,4,655,14,191,73,62,11,21,10,15,16,413,882,5511,4340,3619,4102,4962,2176,4148,472,30213
12104,51,438,341,226,192,278,101,286,23,1936,23,262,151,105,70,70,33,61,20,804,21,159,71,48,21,34,24,37,24,439,1988,5855,6697,5589,12482,20408,8603,13972,1173,76772
12201,23,131,106,52,45,49,23,47,10,488,12,82,42,29,11,22,4,25,3,230,9,62,21,11,9,12,5,12,11,144,404,2132,2204,1662,1819,2433,1096,1723,226,13686
12202,45,234,161,135,61,101,47,83,16,876,9,144,99,40,29,40,10,32,3,414,5,64,31,43,4,18,3,24,13,205,602,3429,2841,2630,2852,3863,1618,2935,337,21101
12203,47,385,338,244,230,214,79,199,23,1760,34,235,144,95,64,67,21,45,15,725,15,163,75,42,29,25,4,22,19,391,1345,7155,6467,5857,9032,10300,4682,7739,841,53428
12301,29,84,67,50,53,72,30,68,6,458,3,25,23,17,13,14,3,14,5,116,4,17,7,6,6,3,0,4,10,53,568,2627,2139,2308,3665,3665,1822,3203,411,20406
12302,44,192,176,152,197,168,71,140,31,1181,9,87,72,46,48,49,10,36,11,367,8,43,19,20,4,3,7,9,7,130,1423,5647,4843,5249,10703,8989,4177,6070,1031,48132
12303,16,58,38,38,27,31,14,64,7,293,3,29,19,6,6,13,3,20,0,100,5,16,10,4,3,5,0,13,3,67,344,1181,954,991,1914,1660,1009,1779,207,10027
12401,39,249,155,127,65,77,35,91,13,849,15,121,62,37,22,19,9,18,4,290,7,56,31,16,3,12,3,11,6,145,598,3369,2694,2703,2649,2560,1260,2241,284,18361
12402,0,0,0,0,0,0,0,0,0,0,0,0,0,0,0,0,0,0,0,0,0,0,0,0,0,0,0,0,0,0,0,0,3,3,0,0,0,0,0,16
12403,61,246,203,164,195,176,75,123,21,1269,14,116,63,49,40,41,16,44,10,386,8,38,23,28,8,18,11,10,16,151,1578,6075,5404,5574,9594,8798,4112,6342,901,48388
12404,27,78,77,64,68,70,32,50,5,473,6,50,31,14,21,9,5,14,4,157,0,24,12,14,10,13,3,4,3,77,490,1987,1740,1880,3322,3154,1757,2423,367,17121
12405,19,60,51,33,76,88,29,60,10,422,3,23,18,19,22,19,9,19,6,130,0,19,13,3,6,7,7,7,8,62,501,1625,1578,1661,4203,3881,1695,2764,400,18318
12501,53,141,117,111,236,196,77,153,21,1109,11,63,63,30,69,66,13,28,9,358,6,33,18,19,10,16,7,19,5,136,1411,4283,4429,4311,13256,13427,5441,7894,1117,55559
12502,11,107,85,53,108,97,39,61,3,557,10,46,27,17,22,24,6,18,9,176,9,34,16,10,13,6,4,9,8,101,478,2084,1924,1751,4285,4310,1824,2661,421,19749
12503,44,176,154,134,302,211,97,174,26,1319,20,94,59,38,67,53,22,42,12,402,3,47,21,14,18,26,7,8,9,143,1143,4515,4434,4530,12719,10778,4731,7082,1383,51310
12504,124,295,333,242,472,384,120,223,35,2234,32,178,111,94,76,91,42,72,15,714,14,90,37,23,20,22,11,19,14,249,3249,7481,9022,8753,24493,20678,7637,10326,1973,93612
12601,17,108,69,52,46,34,12,42,3,392,5,53,40,19,12,16,3,10,3,162,5,43,14,13,5,11,0,3,4,101,280,1742,1392,1149,1679,1858,818,1349,178,10433
12602,70,321,336,215,362,318,128,207,36,1995,27,164,97,68,97,72,27,57,15,621,16,134,52,40,22,20,7,29,30,357,2399,7826,8123,6937,19043,21678,8794,13308,1553,89659
12701,18,63,61,50,50,68,21,53,10,393,6,47,29,21,12,14,0,16,5,155,7,21,13,3,12,3,0,3,4,66,477,1934,1739,1873,2827,3098,1210,2397,420,15974
12702,41,197,185,166,265,222,92,158,31,1358,16,74,62,45,53,63,23,46,11,392,13,42,23,22,26,22,6,5,18,166,1234,5947,5404,5266,11417,10206,4508,7164,1448,52594
12703,52,177,157,96,219,221,77,134,30,1164,14,82,62,42,43,40,18,29,6,340,21,41,30,18,15,18,6,19,16,184,1406,5106,4851,4705,11787,10860,4567,7167,1200,51662
12801,60,290,238,154,152,161,64,115,21,1254,13,172,81,71,27,59,11,36,13,484,13,89,41,29,12,14,6,19,15,247,1202,6333,5596,4861,6612,7265,3246,5327,762,41211
12802,36,223,148,98,99,118,39,103,12,870,16,104,63,49,22,24,11,19,4,315,9,43,18,11,11,8,5,7,8,114,771,4031,3434,3157,4413,4525,2058,3407,448,26249
19797,0,0,0,0,0,0,0,0,0,0,0,0,0,0,0,0,0,0,0,3,0,0,0,0,0,0,0,0,0,0,9,6,5,5,3,9,7,34,0,90
19999,310,1197,707,587,318,530,191,460,117,4419,117,536,260,177,71,114,44,130,58,1508,76,220,112,60,23,40,20,44,91,688,6077,19722,15762,16389,17452,30717,11319,22127,3790,143362
20101,82,281,179,181,135,131,61,112,32,1198,18,112,67,47,28,22,12,26,15,348,12,55,24,20,13,16,8,9,26,195,1818,6331,5156,6005,8662,7289,4181,5167,831,45430
20102,20,100,50,35,21,41,23,63,7,359,10,43,15,15,9,26,7,53,3,183,11,29,20,15,10,15,3,15,3,118,334,1227,966,1009,867,1091,520,1198,161,7376
20103,28,66,38,49,26,43,12,75,4,336,9,21,22,23,3,14,4,30,7,133,13,13,14,20,5,14,5,11,8,97,300,949,831,905,1053,1006,514,1078,162,6801
20201,89,264,161,145,113,107,60,107,24,1071,19,98,56,38,24,23,10,27,16,299,8,42,26,19,20,8,3,17,17,170,1744,5848,4591,5493,8003,6378,3682,4580,677,40993
20202,48,155,94,80,44,70,28,87,15,624,17,80,44,35,18,18,6,40,6,261,7,57,24,27,10,22,15,21,12,196,622,2247,1972,2185,2436,2630,1315,2110,314,15823
20203,8,33,21,27,11,30,15,56,9,207,3,17,5,18,7,21,5,25,3,107,4,11,10,18,0,12,4,17,6,91,168,427,303,385,447,571,365,1119,107,3890
20301,11,45,33,35,6,35,15,51,3,227,3,25,18,11,7,17,3,19,3,110,7,12,14,14,8,4,0,10,9,72,145,614,444,518,478,624,305,723,96,3958
20302,116,478,366,293,269,250,109,199,29,2118,37,232,101,91,55,55,25,60,24,680,17,123,39,32,26,33,9,27,35,334,3271,11768,10107,10875,15796,15521,7632,10319,1494,86786
20303,48,217,128,95,31,49,21,66,15,666,17,106,40,29,13,13,3,28,15,263,11,44,20,19,3,14,9,6,7,127,705,3565,2437,2341,2413,2602,1167,2073,337,17636
20401,64,193,132,144,88,116,39,172,18,971,22,79,68,61,24,37,20,84,15,411,23,60,43,48,15,33,22,49,24,318,820,2577,2171,2536,2899,3202,1806,3271,470,19755
20402,56,145,115,111,65,97,38,126,20,775,11,67,48,29,22,29,13,63,13,295,27,42,36,29,20,21,15,44,15,244,795,2249,1970,2321,2967,3088,1599,2599,392,17974
20403,69,204,139,122,106,126,53,181,28,1036,22,95,51,55,31,38,26,70,20,396,14,45,38,29,18,27,10,49,26,251,1172,3365,3009,3699,5147,4969,2821,4551,584,29310
20501,30,118,89,67,60,55,30,97,16,571,21,81,37,23,11,36,6,57,5,282,7,70,20,18,11,24,8,33,12,197,611,2572,1916,1975,2503,2613,1415,2479,357,16436
20502,56,194,116,97,69,75,22,124,26,768,33,77,45,35,19,25,10,54,12,306,19,43,32,33,16,17,10,40,22,228,805,2177,1917,2266,2510,2286,1219,2192,353,15725
20503,75,230,140,122,68,93,53,150,25,956,29,110,65,59,19,35,22,62,20,415,29,73,38,38,21,27,7,43,30,302,1041,3304,2534,2833,2863,3005,1616,3131,436,20763
20504,54,192,104,89,105,84,50,100,18,801,17,89,34,26,23,10,9,25,19,262,10,58,20,24,9,14,3,17,16,165,1251,3777,2952,3319,5631,4491,2512,3476,561,27973
20505,52,129,73,68,73,75,36,146,9,657,9,71,33,35,6,32,10,48,13,255,5,37,17,23,17,13,12,34,17,182,727,2194,1672,1830,2525,2710,1511,3363,360,16891
20601,27,117,112,88,101,73,33,80,20,650,3,59,32,26,27,20,9,21,10,208,5,33,16,20,12,13,4,16,6,127,677,3458,3214,3301,4532,3907,1819,2798,531,24227
20602,18,78,59,42,47,51,17,41,5,359,4,43,18,11,11,11,6,21,0,126,3,19,8,0,3,8,0,17,4,72,386,2081,1776,1788,2555,2493,1188,1858,270,14387
20603,27,138,85,80,63,68,26,51,13,554,16,59,25,24,16,16,10,17,4,181,6,37,18,8,11,13,3,15,4,119,638,3364,2650,2688,3714,3565,1594,2532,427,21178
20604,352,956,939,966,1163,1111,497,888,147,7019,107,538,352,295,248,262,109,247,69,2225,53,287,145,123,117,111,43,108,122,1115,14308,27749,35351,35225,87786,106199,45178,62810,7008,421617
20605,67,326,263,263,236,292,128,293,31,1900,37,156,91,92,68,82,31,75,20,639,24,100,46,40,31,23,10,41,30,336,2406,6661,7503,7523,16524,22238,10522,16045,1504,90934
20606,23,220,145,136,105,118,54,109,22,942,16,123,65,76,29,42,16,40,12,416,15,87,44,34,17,18,11,21,14,256,855,4411,4063,3796,5316,6286,3244,5108,577,33646
20607,58,290,272,264,252,238,104,188,31,1698,33,147,101,93,75,71,30,64,20,635,12,87,39,30,27,24,7,21,21,278,2302,7281,8138,8596,15594,17349,8555,12211,1405,81417
20701,97,606,427,392,247,294,130,266,47,2506,47,345,164,136,73,98,44,89,23,1010,25,223,70,60,29,35,15,22,21,510,2088,10495,8504,8008,11314,13886,6353,10303,1156,72106
20702,36,218,129,118,67,88,37,64,11,769,17,106,69,55,25,23,8,28,3,328,12,91,31,19,7,15,3,13,7,203,717,4866,3484,3162,3713,3720,1906,2718,448,24724
20703,56,293,197,169,159,148,60,126,22,1237,14,182,84,70,42,37,14,32,14,483,8,105,27,15,5,12,7,7,18,215,1543,6272,5514,5788,9575,8585,4044,5182,797,47301
20801,48,306,217,221,113,119,60,108,20,1202,21,178,84,89,25,26,20,35,12,486,10,106,45,35,12,12,8,11,15,247,824,5040,3891,3860,4274,4839,2360,3929,520,29534
20802,69,375,230,218,148,157,49,153,19,1416,31,189,109,72,41,45,30,37,15,554,13,119,42,41,13,25,9,23,24,293,1132,6498,5320,5196,6183,6452,3079,4863,709,39434
20803,62,347,276,281,300,273,116,188,30,1873,25,205,115,74,72,65,23,61,14,656,17,102,57,26,26,34,14,17,16,307,1631,8009,6390,6509,13209,12346,5930,7898,1099,63030
20804,20,138,136,116,76,62,28,66,9,640,14,83,45,33,10,21,12,26,9,253,6,50,26,10,8,16,13,5,10,143,658,3786,3067,2860,3650,3154,1601,2275,362,21411
20901,72,307,207,191,138,159,65,127,22,1287,16,142,78,52,35,45,16,32,11,431,15,62,40,32,16,8,4,11,16,206,1484,6076,5240,5627,6649,7220,3218,4552,696,40759
20902,36,142,119,116,153,112,52,80,18,831,7,87,30,31,30,31,9,20,14,263,8,44,18,14,14,11,3,6,5,123,1105,4946,4087,4130,7316,6159,2805,3703,785,35028
20903,31,136,90,85,45,54,23,63,10,544,11,75,51,38,10,15,0,15,3,223,0,37,11,13,8,0,3,11,6,92,423,2935,1899,1891,1778,2177,917,1720,262,14000
20904,56,270,161,147,206,145,81,128,33,1233,21,119,60,44,42,42,24,32,14,399,21,71,28,18,10,15,7,19,14,202,1800,8071,6420,6661,11288,10308,4703,6799,1258,57303
21001,25,109,114,106,105,107,57,85,13,713,11,69,38,28,31,21,12,23,15,258,3,25,16,11,6,11,0,16,11,111,876,3382,2929,3127,6911,7121,3218,4728,691,32979
21002,16,73,42,41,20,39,19,36,11,293,4,31,20,19,4,13,11,12,7,131,3,16,4,10,0,4,4,0,3,57,248,1356,876,883,994,1052,518,884,138,6946
21003,17,78,54,46,64,47,11,37,7,365,4,35,21,10,19,13,4,10,4,127,4,21,9,5,4,6,3,7,6,65,445,1924,1737,1961,2870,2752,1174,1807,329,15002
21004,10,48,42,23,27,23,5,16,4,211,7,25,17,4,5,6,0,7,3,70,0,11,7,10,0,3,0,8,3,34,258,1580,1098,1039,1284,1134,573,919,165,8039
21005,53,186,183,180,294,215,91,155,42,1401,22,84,51,49,63,50,19,29,16,386,9,40,19,23,27,24,7,22,24,191,2321,6489,6789,8080,17954,15726,7954,9642,1740,76693
21101,90,371,297,256,322,223,110,199,28,1884,33,182,80,73,48,68,18,63,25,585,14,109,38,32,18,26,8,18,22,288,1982,8562,6908,7196,14074,12568,6153,8208,1203,66860
21102,13,57,36,38,21,22,7,28,4,221,3,37,14,8,3,8,5,17,8,105,4,28,9,10,4,3,0,4,3,71,156,934,604,713,529,662,324,616,88,4622
21103,67,267,170,214,161,168,74,117,24,1266,26,152,68,59,50,39,24,35,18,470,9,77,24,18,11,16,6,12,20,195,1264,5989,4855,5107,7944,7726,3925,5175,773,42764
21104,26,186,134,136,93,92,38,74,7,786,15,104,56,32,24,18,14,18,3,285,15,39,24,14,8,6,4,5,11,128,618,3495,2798,2712,4130,4095,1784,2658,374,22671
21105,85,375,234,168,147,132,72,159,29,1397,36,190,74,65,43,32,14,49,15,522,21,102,28,38,21,13,12,28,21,280,1460,7212,4831,4913,6319,5853,3212,4984,749,39531
21201,36,158,88,82,74,61,38,78,12,625,11,78,43,37,14,32,14,41,12,274,9,39,34,15,8,18,10,40,13,177,722,3755,2819,2820,3789,3949,2011,3208,523,23603
21202,48,177,131,106,107,102,41,96,19,824,16,76,46,33,30,22,16,31,9,285,4,41,26,17,3,14,3,19,13,136,1179,5377,4399,4685,6818,6591,3190,4764,778,37780
21203,29,128,85,67,76,63,36,58,7,550,11,69,32,22,22,9,3,26,8,201,7,31,17,7,12,6,3,11,8,94,754,4022,3028,3333,4233,3779,1999,3110,542,24792
21204,109,379,347,351,587,433,213,300,67,2791,42,205,113,98,107,96,41,92,26,817,10,97,41,43,22,37,14,31,49,346,2757,8876,8924,10435,26546,22851,11476,14050,2173,108092
21205,96,509,399,377,397,353,168,268,37,2600,32,258,155,113,82,86,28,63,28,852,20,156,62,49,23,23,9,42,39,421,2967,11087,9980,10665,21491,21941,9821,13637,1819,103405
21301,50,231,170,170,210,162,60,98,26,1179,14,86,48,37,35,41,7,23,13,302,7,35,19,16,13,14,0,17,12,141,1548,6536,5657,6298,11309,10330,4652,6646,1308,54288
21302,37,134,97,82,138,121,59,84,11,758,7,76,53,28,19,34,11,19,5,250,3,42,3,7,12,9,3,4,9,100,939,3458,2982,3183,6723,6934,3481,5049,684,33435
21303,29,129,110,113,151,121,52,94,12,819,8,49,33,27,38,43,19,21,9,248,9,41,8,10,4,11,3,4,3,97,1136,5027,4491,4607,7417,6671,3088,4448,783,37665
21304,24,147,81,87,80,58,28,66,22,602,13,61,25,20,11,9,3,24,3,169,4,29,11,6,9,6,0,10,10,87,935,4343,3176,3451,5109,5228,2372,3725,606,28946
21305,48,244,145,142,191,174,75,139,28,1185,17,92,49,48,42,43,14,32,15,336,12,32,17,15,17,11,0,20,13,133,1852,7555,6410,6747,13946,12239,5755,8504,1443,64450
21401,62,280,213,160,142,130,55,119,22,1175,29,111,58,56,30,33,11,30,10,366,6,70,18,16,16,20,3,16,11,182,1309,5668,4624,5352,7202,7373,3396,5043,738,40714
21402,111,532,324,281,161,191,75,178,39,1899,38,274,112,108,52,66,22,69,32,769,26,144,55,43,31,24,15,24,24,377,1728,8443,6082,6899,7580,7675,4101,5990,956,49461
21501,73,187,147,129,83,151,65,208,21,1066,31,109,53,64,26,59,19,93,23,480,26,88,39,51,17,52,26,77,50,424,1093,3096,2558,3179,4076,4356,2031,4152,553,25097
21502,43,139,69,86,85,75,45,109,11,664,14,64,35,23,11,31,11,42,15,239,3,28,18,16,6,19,5,28,14,140,716,2250,1831,2305,3796,3360,1754,2876,432,19322
21503,49,117,83,101,57,90,30,128,15,677,15,61,33,31,12,20,19,45,8,243,18,39,25,27,10,22,4,45,22,205,651,1879,1498,1749,2515,2660,1282,2659,402,15300
21601,45,132,68,67,52,58,35,105,10,572,5,57,29,30,15,19,11,34,14,226,9,52,15,37,11,19,12,15,25,179,644,1911,1529,1936,2523,2376,1437,2687,350,15393
21602,28,93,62,56,41,43,19,103,10,450,7,30,18,18,12,15,9,34,9,156,8,16,18,22,8,9,3,20,13,129,536,1272,1027,1217,1525,1657,1056,1969,272,10542
21603,53,182,116,116,99,118,67,126,21,888,16,60,42,32,28,32,14,34,15,282,19,49,25,28,20,34,6,31,20,222,1192,3107,2765,3407,5277,5053,2579,3791,603,27776
21701,50,113,99,78,52,80,43,145,17,671,11,63,38,32,24,36,17,57,14,286,13,30,31,23,17,30,14,44,19,219,627,1922,1635,1800,2167,2332,1317,2428,328,14565
21703,42,122,94,86,70,62,30,133,11,649,24,65,34,34,18,33,11,78,8,311,17,30,25,30,11,16,14,37,15,189,697,2125,1733,1948,2434,2380,1367,3012,339,16027
21704,26,120,88,88,79,77,27,108,8,626,15,56,21,23,9,25,4,38,9,198,9,40,26,12,11,18,4,24,4,146,762,2546,1886,2210,3299,3126,1617,2978,384,18799
29797,0,0,0,0,0,0,0,0,0,3,0,0,0,0,0,0,0,0,0,3,0,0,0,0,0,0,0,0,0,0,22,8,9,3,11,15,13,76,9,155
29999,222,1011,560,465,269,389,134,290,80,3434,103,469,175,151,58,115,34,83,61,1240,60,214,81,55,29,52,18,40,61,612,5166,16553,12058,13727,15286,26497,9591,17030,3122,119037
30101,19,118,69,97,63,58,30,74,11,538,6,57,30,19,19,18,10,18,8,183,6,18,10,8,8,7,0,12,7,75,519,3048,2133,2609,3218,2875,1473,2631,286,18803
30102,35,167,106,93,80,73,37,96,13,694,8,97,41,46,18,29,9,27,5,270,3,37,31,15,6,14,3,8,3,121,773,3578,2754,3357,4044,3602,1688,3128,391,23321
30103,39,133,113,115,136,130,77,131,10,881,16,53,37,26,23,31,13,38,3,249,6,32,11,6,7,13,6,8,8,94,1050,3295,2864,3631,8234,7580,4297,6704,652,38296
30201,7,58,40,28,28,30,10,21,0,229,0,24,16,8,3,3,3,9,3,85,3,17,5,3,3,3,0,5,6,42,241,1278,1005,1138,1345,1095,542,840,125,7613
30202,36,145,117,106,130,97,66,86,10,786,7,87,35,28,17,34,10,16,5,236,3,46,14,10,17,9,8,13,15,128,1131,4413,3939,4591,7892,6338,3088,4282,537,36198
30203,78,162,145,175,269,217,111,213,22,1392,15,65,51,45,48,51,31,50,6,361,14,41,23,15,18,17,14,17,16,175,2101,4181,4445,6183,14656,12860,7512,10606,1051,63600
30204,18,97,44,48,35,28,12,36,4,315,4,38,20,14,7,8,3,5,4,111,0,12,12,8,4,0,0,8,5,48,414,1715,1387,1757,1994,1575,836,1465,183,11319
30301,15,89,40,57,52,41,18,55,3,370,4,52,12,5,14,7,3,16,0,114,0,21,12,5,8,0,3,0,3,46,431,2343,1668,1833,2565,2251,1201,1837,212,14327
30302,42,163,127,126,154,110,60,108,9,907,16,89,43,29,26,43,13,36,4,290,5,51,13,16,6,8,0,11,15,129,1510,4011,4280,4982,8359,7284,3260,5153,578,39417
30303,27,156,128,122,108,86,46,95,7,769,9,65,28,19,34,31,3,21,4,219,3,48,14,19,3,12,0,3,8,108,1019,4139,3610,4020,7097,5965,2914,4207,551,33532
30304,22,86,65,66,63,63,39,76,7,488,7,50,25,29,13,21,11,27,7,184,9,19,16,9,8,6,0,8,3,70,550,2054,1897,2120,4715,4209,2087,3004,352,20987
30305,22,124,96,99,167,133,64,150,16,876,4,66,33,32,33,30,19,26,5,257,4,39,16,8,7,12,8,15,12,120,1082,2593,2690,3633,8787,8248,4872,7034,746,39692
30306,17,63,43,42,34,35,10,29,0,273,0,32,17,12,3,6,8,5,4,90,0,24,3,5,3,3,0,0,3,43,217,1200,1148,1240,1387,1142,469,774,163,7739
30401,13,81,47,43,34,30,14,35,4,304,3,42,25,22,4,3,8,13,0,111,0,3,0,7,3,0,0,0,4,25,325,1759,1144,1325,1560,1360,728,1357,140,9698
30402,12,114,60,59,38,34,16,45,6,373,13,72,25,25,15,12,6,13,4,175,3,43,7,10,3,4,3,15,4,97,281,1674,1105,1199,1143,1197,541,1162,93,8399
30403,28,162,98,96,91,70,37,78,7,674,9,83,39,30,23,20,5,19,7,232,8,59,16,13,6,3,3,4,6,123,821,5104,2841,2726,4698,3653,1817,3021,418,25104
30404,15,90,66,54,54,49,28,25,6,381,3,42,20,11,8,12,13,8,0,123,3,22,7,9,0,3,0,0,10,58,673,2326,1663,1818,2503,3319,2160,2747,278,17477
30501,125,420,411,405,623,485,207,390,60,3114,29,199,149,127,107,101,45,96,23,882,17,111,53,49,30,34,19,38,50,393,6877,12312,16277,17291,46303,44546,21697,30971,2714,198985
30502,11,73,36,40,50,36,29,47,4,330,3,26,18,17,14,9,7,10,0,109,3,28,7,10,3,7,3,8,3,67,325,1586,1377,1475,2677,2675,1499,2472,216,14292
30503,74,249,156,176,179,196,84,170,14,1302,29,130,73,64,33,46,29,44,5,448,3,83,34,25,22,17,3,13,12,213,2232,5500,5745,6401,12314,13279,6275,9938,912,62596
30504,46,159,111,113,109,109,58,129,14,846,18,72,52,43,23,32,18,32,9,295,12,41,18,17,11,5,8,7,16,130,1105,4066,3639,3777,6679,6933,3486,5767,506,35942
30601,21,106,49,71,55,48,22,53,8,435,13,49,29,20,7,16,6,16,0,168,4,17,12,3,3,3,3,3,0,51,475,1832,1349,2062,2620,2115,1184,1954,234,13827
30602,52,232,176,207,238,183,87,210,28,1423,20,115,65,71,54,50,23,61,20,480,8,61,21,28,14,23,11,36,24,226,1736,4724,4632,7148,11900,9238,5101,7240,979,52699
30603,18,79,65,58,67,71,38,113,7,521,11,44,17,18,15,23,11,56,13,218,10,36,22,14,5,30,4,36,8,165,437,1309,1282,1751,2440,2042,1039,2278,349,12925
30604,3,36,21,37,16,25,15,48,3,212,5,21,12,16,5,0,5,12,4,91,6,17,9,10,6,7,3,6,0,59,171,503,527,838,957,854,556,1058,138,5606
30605,30,144,62,63,60,71,30,123,16,613,14,80,31,40,18,27,11,70,16,300,8,43,23,31,7,16,10,31,18,178,540,1885,1422,2044,2585,1992,1136,2343,341,14288
30701,41,100,63,83,64,105,52,266,25,798,16,66,45,60,30,54,25,134,14,429,10,74,26,28,25,44,24,106,31,371,1009,1900,1497,2033,2736,3112,1871,7803,464,22425
30702,41,110,79,73,81,86,58,217,27,765,20,88,38,50,20,35,27,124,19,410,9,44,41,39,11,34,14,79,18,277,643,1868,1435,1821,3407,2702,1914,4548,418,18747
30703,37,132,68,90,60,85,34,199,23,714,18,66,34,26,19,31,14,90,19,318,14,51,29,28,7,21,12,52,24,232,547,1924,1451,1880,2455,2104,1186,2850,356,14748
30801,17,41,30,25,36,37,20,107,10,334,9,26,13,21,13,19,9,41,5,152,5,15,8,11,3,4,6,16,10,78,763,1384,1084,1332,1994,1868,1889,5395,355,16058
30803,52,233,153,122,161,136,65,195,21,1146,18,95,51,53,33,33,19,60,10,373,15,68,37,24,20,19,8,41,27,260,1741,5231,4123,5587,10082,7415,3890,6646,767,45480
30804,10,20,23,8,15,12,20,65,4,181,3,6,4,12,3,11,14,27,3,87,3,7,9,9,0,4,3,27,0,66,206,552,498,582,764,792,621,1709,116,5843
30805,26,103,61,56,59,67,44,121,9,553,10,45,30,28,20,15,9,40,10,208,6,28,7,13,8,7,4,13,8,99,1021,2541,2032,2593,3995,3786,3008,6019,470,25466
30901,45,237,163,169,105,123,60,93,13,1005,9,104,60,52,31,35,14,50,11,350,6,59,21,13,8,10,6,15,17,162,822,4626,3865,4726,5902,5391,2784,4440,614,33177
30902,28,133,104,92,83,76,26,73,12,627,10,62,38,23,15,21,5,21,5,197,7,38,9,11,0,3,0,3,10,85,544,2622,2248,2995,3106,2785,1286,2157,309,18047
30903,21,171,119,139,64,77,41,91,8,736,5,81,40,51,25,28,7,26,10,286,4,46,27,3,6,11,4,13,4,123,440,2658,2112,2780,3432,2928,1418,2450,376,18587
30904,5,57,23,23,8,32,3,32,5,193,12,27,9,19,3,5,8,12,3,105,3,18,9,10,3,4,8,11,3,70,157,787,561,611,568,660,318,763,86,4513
30905,9,72,40,42,25,22,7,24,4,246,10,24,9,15,0,10,4,10,3,82,0,17,4,8,0,0,0,3,0,38,207,1142,784,1049,906,1015,436,943,101,6588
30906,21,139,82,90,66,79,27,73,12,597,13,58,43,24,15,27,11,14,0,204,7,31,15,14,4,3,3,5,6,81,534,2365,1875,2313,3512,3289,1722,2636,332,18582
30907,27,181,145,145,160,148,69,186,21,1091,13,109,52,31,32,38,15,43,15,339,4,49,21,17,9,9,4,14,12,148,1243,4945,4102,5583,8775,8316,4744,8699,863,47269
30908,27,135,86,95,100,70,26,76,11,631,9,66,44,28,14,27,8,16,13,222,0,25,13,14,7,10,0,7,7,79,712,2902,2540,3489,5107,3946,1790,2842,425,23756
30909,59,217,188,209,233,183,99,185,20,1403,15,124,107,66,35,55,23,48,11,478,12,57,30,19,13,14,15,25,16,195,1607,4342,4518,5986,9810,8629,4388,8024,834,48142
30910,25,181,109,120,135,94,27,101,10,794,8,90,55,39,32,34,11,39,10,313,3,54,23,17,5,17,9,17,7,152,719,2971,3165,3786,5354,4124,1980,3225,479,25809
31001,37,98,63,102,140,127,56,109,13,740,7,58,20,11,23,27,19,34,3,207,8,27,8,3,4,3,0,4,9,76,952,2433,2332,3093,8209,6669,3868,5127,605,33286
31002,38,133,81,94,69,54,35,135,18,652,22,69,49,31,23,22,22,62,12,312,9,35,19,19,12,19,6,59,33,205,612,2080,1601,2119,3201,2940,1975,3482,432,18437
31003,33,143,130,118,106,104,37,83,19,775,12,64,38,39,18,28,10,25,5,235,9,37,15,9,3,9,7,12,6,103,1282,3992,3565,5130,7465,5949,2917,4249,623,35174
31004,18,76,51,42,71,68,27,57,7,424,3,32,18,13,13,14,5,12,3,123,3,11,5,8,4,3,5,3,0,47,603,2583,1920,2510,4425,3457,2207,3320,414,21429
31101,8,25,32,30,15,29,6,51,4,202,0,20,16,5,4,7,9,15,3,79,0,14,4,9,3,4,0,16,8,56,153,602,557,721,867,777,458,916,112,5164
31102,11,50,31,47,35,31,18,32,4,271,4,29,12,9,4,5,0,3,3,71,0,9,0,0,4,5,0,0,3,29,326,1207,1002,1426,2032,1839,893,1301,221,10260
31103,18,81,63,59,56,39,29,45,7,396,3,31,18,11,12,10,6,10,10,114,0,21,6,3,3,0,0,0,0,38,562,2377,1811,2440,3877,2998,1642,2532,415,18653
31104,11,40,26,24,11,16,14,44,6,194,0,23,9,7,4,4,4,9,0,63,0,11,3,8,0,3,0,0,0,32,224,1039,696,968,998,992,527,1246,148,6839
31105,13,78,73,98,92,67,40,78,15,550,6,31,28,24,13,21,6,25,0,159,3,9,8,6,0,6,0,6,6,53,750,2450,2370,3142,4588,4066,1940,3182,415,22894
31106,26,136,117,110,116,126,59,88,13,790,4,68,37,25,17,25,5,35,6,222,6,30,15,9,3,4,3,8,8,82,852,3220,2919,3561,6779,5327,2826,4275,593,30353
31201,19,65,33,46,43,51,28,119,5,416,8,17,16,19,12,11,4,46,6,141,12,12,7,8,0,9,8,36,15,101,1011,1360,1181,1639,2288,2236,2347,7612,470,20144
31202,63,199,127,115,138,125,71,232,32,1096,23,91,54,37,33,39,19,105,22,421,8,52,22,20,10,14,19,65,38,253,1640,4813,4025,5266,8889,7016,4693,8369,905,45605
31203,10,42,29,44,30,28,26,56,3,258,8,27,15,12,13,6,0,26,3,105,0,8,3,12,6,4,3,13,0,60,289,839,765,1162,1537,1611,1120,1802,169,9292
31301,11,73,30,23,15,18,16,23,4,214,3,31,14,14,7,8,5,13,3,95,4,17,8,9,4,0,0,3,5,47,188,872,628,922,802,671,363,760,119,5328
31302,21,111,80,72,73,65,25,49,13,508,5,41,32,17,11,8,3,26,9,156,3,17,11,10,6,4,0,3,8,66,817,3108,2702,3643,4503,3421,1778,2999,443,23421
31303,8,30,15,10,18,21,10,43,3,151,7,24,4,6,6,11,3,16,5,82,3,5,6,9,3,9,0,19,3,53,139,466,340,470,682,656,383,722,90,3944
31304,18,67,43,31,39,34,17,46,3,310,6,37,21,6,0,13,4,12,4,97,0,13,5,6,3,8,0,5,0,36,397,1764,1286,1684,2548,2202,1252,2194,272,13601
31305,27,138,88,89,80,58,25,73,4,594,11,43,32,22,15,11,14,29,7,178,4,24,11,9,3,5,7,0,7,80,654,2536,2201,2924,3449,2822,1478,2407,339,18806
31401,20,137,67,56,44,37,22,47,7,444,4,65,37,38,12,19,10,20,0,197,0,29,12,8,3,3,3,7,3,69,405,2996,1731,1963,1759,2095,923,2008,208,14088
31402,12,66,46,54,33,38,15,29,9,293,3,19,19,13,7,6,3,9,7,75,0,10,5,6,0,3,0,0,3,28,467,2472,1843,2294,2671,2221,1170,2009,305,15454
31403,14,95,55,58,65,59,34,81,9,466,3,38,16,24,10,9,3,26,4,133,3,10,5,4,8,3,0,0,3,34,571,1949,1817,2390,4735,3675,2017,2979,304,20443
31501,11,36,20,29,36,49,18,90,9,296,7,10,15,17,12,18,9,30,7,122,3,10,5,11,5,16,6,20,8,84,443,843,671,1141,1842,1753,1325,2775,354,11149
31502,20,39,19,35,47,53,41,110,17,376,9,27,17,11,10,31,8,59,10,186,3,16,6,11,4,17,4,22,6,81,764,989,707,1197,2123,2387,2452,5679,406,16689
31503,18,37,27,26,44,50,27,141,18,387,13,19,15,20,13,18,3,57,13,170,7,13,5,13,10,17,8,44,14,129,376,610,481,825,1350,1499,724,2817,233,8920
31601,31,140,87,93,70,47,33,71,10,581,4,65,29,21,15,18,7,14,4,169,0,14,4,11,4,3,0,3,7,53,507,2239,1938,2521,3190,2829,1757,2851,291,18124
31602,25,202,102,115,83,59,27,101,16,732,6,87,47,44,15,28,14,31,6,273,7,56,13,13,3,8,5,13,18,132,890,4043,3085,4052,4875,4202,2372,4063,470,28054
31603,30,195,117,123,78,73,40,90,10,768,14,74,37,27,10,21,9,17,4,219,6,30,15,11,3,4,3,5,10,95,856,4295,3391,4259,5374,4362,2316,3561,438,28864
31605,27,158,95,99,69,53,23,84,5,615,5,83,32,44,10,25,5,22,3,231,3,30,11,16,7,8,4,8,10,101,505,2690,2155,3024,2790,2544,1367,2326,308,17714
31606,22,144,83,82,30,51,22,92,12,532,10,83,32,20,4,32,13,37,6,244,10,39,20,17,0,7,6,26,5,129,403,2155,1620,1925,1625,1829,896,2132,261,12846
31607,14,99,64,81,50,62,31,76,0,474,7,66,32,16,13,19,8,24,9,193,4,27,6,13,4,6,5,6,3,75,591,1861,1757,2362,2970,2626,1578,3260,287,17280
31608,3,51,26,38,13,33,6,28,3,207,3,40,20,20,4,7,6,12,3,103,0,11,3,4,3,3,0,5,4,35,196,777,557,762,817,797,445,1001,81,5426
31701,98,364,259,239,219,208,113,270,40,1804,27,209,94,80,43,64,23,83,19,630,13,87,43,26,24,19,12,45,36,302,2319,7365,6026,8161,12912,9988,6169,10149,1022,64098
31801,30,100,68,76,74,91,42,181,24,689,18,55,36,23,29,33,15,69,13,286,12,50,17,32,8,34,9,52,28,244,576,1812,1384,1918,2689,2609,1510,3630,408,16534
31802,98,315,246,194,273,194,123,252,41,1734,25,159,78,66,63,38,18,61,16,528,7,91,23,24,10,27,17,20,26,244,3100,8847,6836,9453,17618,14023,8298,12175,1328,81677
31901,50,204,109,133,97,104,45,128,31,895,12,86,51,44,21,30,9,52,11,316,10,52,27,18,13,11,5,36,26,198,949,3568,2972,4355,5972,4403,2631,4488,616,29956
31902,37,138,89,93,61,80,37,211,28,767,18,71,46,34,30,36,14,125,23,390,16,45,32,38,13,29,8,97,23,295,604,1949,1622,2267,2695,2304,1394,3751,428,17019
31903,31,121,66,81,49,57,23,115,15,546,9,72,34,29,16,30,6,51,15,256,7,23,21,9,15,10,0,41,16,150,601,2061,1677,2385,2663,2028,1231,2738,340,15717
31904,20,123,60,40,53,46,28,46,9,422,6,52,18,16,7,12,0,13,8,135,3,9,8,11,4,5,3,7,17,70,547,2299,1811,2635,3340,2159,1128,1913,308,16138
31905,25,89,62,48,50,51,19,66,16,424,8,48,21,10,9,16,4,30,14,157,3,24,8,15,3,9,0,31,10,107,495,1588,1293,1795,2740,1865,1062,1906,269,12998
39797,0,0,0,0,0,0,0,3,0,3,0,0,0,0,0,0,3,0,0,4,0,0,0,0,0,0,0,0,0,0,24,7,3,7,12,17,15,114,11,202
39999,236,757,416,426,177,312,128,365,80,2887,92,317,136,109,43,56,43,87,45,924,52,136,61,30,24,15,14,34,47,410,4788,12939,9269,11598,11824,17984,8844,19262,2400,98920
40101,136,459,353,309,478,306,169,297,39,2547,29,221,107,89,81,58,28,80,26,721,14,116,41,32,24,16,15,25,33,318,4772,10675,10943,13644,30815,21161,11016,13077,1555,117645
40102,52,220,138,91,75,91,34,131,15,839,21,118,60,43,26,32,16,53,8,369,16,58,24,20,8,19,11,22,7,189,780,3631,2531,3015,2917,2609,1680,2762,351,20274
40103,17,179,116,98,78,60,35,66,15,679,15,97,45,40,25,23,9,19,0,269,5,51,30,13,3,7,7,9,9,142,604,2542,2029,2243,3074,2435,1505,2049,229,16709
40104,18,105,43,52,33,25,18,33,3,326,4,47,22,25,4,3,5,6,3,117,3,23,7,8,3,6,3,9,0,58,304,1686,1196,1564,1670,1186,721,1071,142,9549
40105,26,151,109,89,86,71,39,89,13,668,16,92,46,36,23,13,3,24,4,252,6,38,16,27,14,8,4,8,6,134,652,3471,2617,3052,4599,3440,2120,2777,320,23053
40106,14,93,50,35,22,22,14,33,3,279,5,31,27,13,4,3,3,5,0,87,4,14,13,7,0,0,3,4,3,52,251,1340,963,1179,1487,1066,639,1010,125,8055
40107,29,182,114,112,78,72,36,70,6,710,15,63,37,18,7,10,12,30,3,199,7,45,10,17,8,3,7,8,9,110,654,2710,2303,2765,3834,2863,1690,2291,260,19370
40201,13,59,30,34,17,26,14,42,4,242,0,35,8,13,3,10,6,14,3,92,3,12,8,7,5,3,0,4,3,51,328,1471,1136,1502,1715,1269,886,1232,174,9713
40202,25,80,71,61,78,62,37,84,11,503,3,67,31,15,17,14,8,7,3,159,4,18,9,4,8,17,6,5,12,71,958,3047,2752,3891,5527,3730,1882,2452,451,24698
40203,35,94,84,69,127,84,44,57,5,598,6,48,19,15,14,17,3,16,5,153,3,25,13,8,4,3,5,8,3,76,759,2608,2204,2944,5999,3491,2282,2837,357,23484
40204,57,206,157,130,182,114,91,99,18,1048,9,70,48,30,23,30,16,25,3,257,13,40,14,10,9,17,7,11,12,137,1533,4786,3982,5303,11383,7949,5083,5627,791,46444
40205,25,182,109,90,62,42,27,55,6,606,15,86,31,19,22,18,4,10,7,215,5,30,8,4,4,3,0,13,0,74,695,4199,2771,3234,3824,2602,1650,2208,331,21518
40301,20,132,72,64,41,45,16,42,8,446,8,62,24,14,7,10,3,11,7,149,11,36,23,4,3,6,3,0,3,89,416,2349,1640,2028,2011,1468,876,1232,175,12191
40302,30,175,120,108,86,66,37,59,12,693,5,74,42,38,20,14,11,19,3,226,8,39,11,12,13,3,5,7,19,108,828,3559,2586,3142,4471,3011,1778,2116,327,21818
40303,48,208,139,144,92,92,42,82,19,869,15,128,42,33,25,16,4,18,10,293,6,84,16,16,3,5,6,11,11,169,1174,3896,3471,4384,5468,3740,2036,2850,337,27360
40304,60,292,203,154,146,108,76,112,21,1177,24,137,46,55,21,36,7,33,13,378,4,57,20,23,8,10,4,10,14,158,1402,6387,4667,5745,6954,4914,3073,4165,594,37893
40401,62,252,139,170,158,129,73,116,17,1126,19,133,74,48,31,30,15,41,13,394,9,58,30,23,17,8,4,14,19,176,1317,5288,4081,5450,8791,6138,3326,4429,596,39422
40402,52,171,109,110,176,123,96,115,20,972,11,75,38,25,31,27,16,46,7,283,13,40,23,13,7,14,9,10,17,136,1186,3273,2640,3769,9625,7333,5271,5727,663,39493
40403,48,185,158,132,188,142,99,118,13,1081,12,95,51,58,39,27,14,42,18,356,9,54,25,22,14,7,8,16,7,157,1448,4262,3992,5240,10523,7502,4724,5158,637,43485
40501,23,127,95,67,34,83,23,100,8,568,7,56,42,28,20,23,6,36,11,230,3,39,19,16,3,17,3,25,13,142,515,1847,1451,1746,2122,2479,1429,2125,214,13934
40502,27,74,53,69,36,40,34,69,10,426,14,55,20,32,11,11,10,38,18,207,12,33,14,17,15,12,7,20,17,154,365,1103,931,1209,1326,1286,749,1708,193,8869
40503,18,70,44,42,34,46,25,82,6,383,6,46,17,19,12,18,9,37,8,168,10,23,4,14,5,15,8,16,16,99,391,1329,1112,1253,1443,1400,1096,1829,204,10046
40504,30,92,40,44,26,44,15,52,16,352,13,43,14,19,6,19,4,12,3,144,15,37,4,11,8,9,8,21,20,139,381,1286,925,1150,1118,1120,647,1292,186,8097
40601,48,119,89,87,66,70,42,120,12,655,21,72,37,32,11,28,17,52,11,288,10,41,20,18,18,20,8,20,17,165,979,2810,2352,2902,3923,3117,2197,3830,483,22591
40602,20,62,30,27,41,47,24,78,9,342,4,23,16,12,6,26,8,18,5,123,8,12,9,3,3,6,3,16,9,73,750,1076,987,1249,2092,1573,1317,4589,301,13932
40701,36,213,136,112,48,63,35,92,8,745,20,87,62,48,11,25,8,47,7,317,8,70,41,22,7,10,13,28,18,210,612,2499,1962,2367,2065,1715,980,1922,253,14390
40702,103,197,146,111,115,124,64,231,17,1111,34,108,59,64,20,41,23,71,21,457,23,89,30,49,28,49,5,40,31,343,1229,3325,2536,3318,4819,3949,2567,4513,478,26740
40703,60,209,145,150,78,118,73,215,37,1093,21,92,80,54,29,45,28,66,19,439,23,76,39,41,23,28,17,47,33,320,1042,3233,2748,3696,5037,4569,2395,4441,534,27695
49797,0,0,0,0,0,0,0,0,0,0,0,0,0,0,0,0,0,0,0,0,0,0,0,0,0,0,0,0,0,0,14,6,3,3,8,4,5,19,0,64
49999,92,355,174,169,84,98,49,114,21,1163,24,155,62,48,16,37,3,24,13,375,19,58,22,19,6,18,3,8,24,185,1811,5455,3686,4687,4523,5944,2625,4868,699,34306
50101,52,192,124,82,49,62,34,103,16,710,21,85,42,30,13,19,8,30,6,251,13,47,20,23,7,9,6,17,17,167,835,3121,2463,2877,2865,2877,1533,2511,360,19438
50102,79,269,149,135,116,129,81,187,32,1178,19,96,64,56,22,32,26,55,15,384,14,66,34,30,7,18,11,17,15,203,1952,4892,3966,4734,7005,6522,5228,7824,821,42934
50103,28,118,78,63,34,60,24,100,4,501,17,71,28,36,9,24,13,48,14,260,11,26,21,24,4,23,3,26,13,159,450,1193,982,1080,1045,1312,694,1635,176,8572
50201,45,214,158,106,83,60,26,79,12,785,21,95,48,29,16,24,9,16,11,249,9,65,31,21,8,7,0,12,14,167,990,4309,3404,3729,4804,3630,1931,3075,472,26336
50301,52,345,236,164,164,155,64,137,12,1332,18,187,96,74,30,48,19,45,7,518,14,162,49,33,11,18,11,21,10,338,1458,6408,5068,4880,7036,6769,3039,4720,596,39969
50302,194,721,663,539,719,630,295,470,79,4303,70,355,217,165,143,138,63,97,27,1283,20,195,87,68,38,58,24,35,42,567,7304,14863,17312,17051,37936,43753,19862,28293,2602,188978
50401,42,170,121,110,114,89,47,96,14,815,12,76,49,40,25,27,4,26,5,253,7,35,28,13,10,5,3,5,3,111,697,3765,2929,2971,4729,4485,2255,3140,478,25442
50402,21,106,78,35,21,48,23,41,6,377,7,48,25,16,5,15,0,8,3,134,3,30,16,4,0,0,3,3,3,69,323,1540,1118,1105,1354,1612,840,1188,172,9244
50403,64,215,201,167,184,198,85,170,15,1304,19,149,80,65,36,40,19,68,15,488,14,62,29,26,5,17,4,22,10,186,1736,6400,5215,5563,10758,10512,5342,8282,888,54697
50501,59,403,257,158,128,110,65,84,14,1275,14,189,85,48,17,21,9,12,10,398,11,68,36,19,8,8,0,6,8,159,1568,9501,6714,6723,7497,6322,2880,4106,751,46063
50502,90,498,356,287,265,238,135,204,26,2097,43,258,147,86,55,70,36,50,13,758,16,160,67,30,20,26,12,17,18,369,2139,9278,7725,7899,13786,13458,6416,8709,1114,70529
50503,55,200,180,137,119,124,55,140,21,1022,7,86,61,47,25,32,8,37,10,319,12,44,25,15,9,21,5,9,8,138,1349,6373,4707,5187,7782,7838,3756,6331,770,44095
50601,33,141,65,72,59,53,22,43,3,486,6,53,26,26,12,20,3,12,3,155,3,24,21,10,5,6,4,11,3,79,629,2920,2169,2449,2922,2773,1394,1979,342,17569
50602,85,214,189,173,240,225,122,208,18,1474,21,108,65,50,46,49,19,42,11,420,13,46,37,25,18,16,9,17,11,185,2394,5235,5458,6602,12600,12558,7023,11105,1146,64116
50603,81,270,249,216,306,247,134,187,21,1708,26,150,82,64,53,48,17,45,8,491,14,64,34,16,15,15,6,15,4,181,1951,6939,5474,5803,13742,13386,6940,8758,1067,64061
50604,45,154,140,101,99,92,47,68,3,753,11,68,53,28,28,25,13,13,6,254,6,34,18,12,7,10,4,4,4,102,791,3568,2841,2913,4521,4133,2016,3107,452,24345
50605,35,105,84,69,39,69,33,56,11,497,8,64,30,21,8,10,20,22,6,191,0,43,19,13,5,4,3,0,0,97,402,2210,1517,1651,2317,2428,1461,2206,253,14453
50606,10,34,28,7,13,14,8,22,0,138,7,21,5,11,0,5,9,10,3,69,0,12,7,7,3,3,0,6,3,32,180,675,475,559,624,773,445,780,70,4577
50607,19,139,85,66,54,47,28,53,7,498,13,70,33,19,10,10,4,10,4,175,9,28,14,3,0,7,3,3,3,66,432,2138,1726,1640,2301,2132,1045,1556,201,13175
50701,48,179,137,102,116,120,71,128,14,903,23,81,48,48,19,29,14,31,12,295,8,32,29,11,12,13,9,15,13,137,1378,4585,3621,4088,7663,8772,4710,7763,732,43309
50702,60,202,162,118,123,104,61,89,12,927,18,116,44,31,18,23,13,30,11,291,8,57,20,24,3,8,6,7,6,146,1030,3637,3175,3095,4971,4916,2515,3591,447,27379
50703,13,35,31,20,41,39,37,32,4,259,5,24,16,6,12,18,3,10,5,91,0,10,8,0,0,3,0,3,0,31,508,1037,920,1037,2504,2528,1813,2467,198,13009
50704,55,299,244,156,115,108,54,114,18,1167,18,147,76,43,20,25,10,35,10,396,8,82,41,14,13,8,3,16,16,204,1443,6738,5266,5275,7291,6421,2856,4300,605,40189
50705,25,167,95,71,67,57,32,54,5,572,9,73,33,14,17,11,4,15,3,185,3,43,20,5,9,5,4,7,10,97,1141,4995,3683,3856,5002,4605,2686,3618,499,30091
50901,69,259,160,127,102,114,78,189,17,1117,26,126,54,52,24,43,20,80,21,440,21,65,45,36,12,32,14,37,34,300,1111,3289,2475,3115,3679,3678,2226,4043,438,24054
50902,54,203,136,103,78,130,80,275,11,1074,29,151,90,70,13,66,23,121,15,580,17,91,48,67,21,55,15,70,22,404,924,2373,2025,2202,2495,3423,2197,5655,459,21752
50903,43,82,51,56,37,74,44,128,18,521,18,51,41,27,14,30,8,60,13,254,22,41,26,16,4,17,3,46,18,196,590,958,830,877,928,1495,1066,3415,235,10396
51001,18,37,25,31,40,37,23,66,10,281,8,15,13,5,4,17,5,14,3,82,0,9,5,5,0,8,3,12,0,47,606,728,673,1024,1855,1724,1087,3148,243,11077
51002,23,21,21,22,30,33,21,125,6,296,5,7,14,3,4,8,9,8,9,69,0,8,0,0,0,3,3,6,3,34,1400,883,748,866,1541,1502,1769,9974,451,19133
51003,48,61,36,41,43,44,39,228,14,562,8,21,19,8,7,15,13,36,5,125,0,27,4,3,8,6,3,11,3,65,2835,1805,1442,1745,2561,3102,3113,19938,803,37344
51101,11,28,25,18,16,24,13,37,6,171,11,23,7,15,3,0,3,25,3,89,0,19,10,3,0,10,3,10,0,54,326,618,453,576,724,794,583,1640,134,5846
51102,10,15,11,13,8,15,4,30,3,107,3,4,0,3,4,5,0,3,3,35,0,4,3,3,0,0,4,3,0,21,198,304,247,352,509,575,490,1003,75,3755
51103,27,49,25,31,56,56,36,98,20,397,8,28,10,17,11,7,7,41,3,128,3,13,0,8,5,9,3,15,6,55,1169,1410,1094,1465,2303,2576,2401,8026,429,20861
51104,47,109,81,58,64,92,51,144,25,659,26,62,36,33,16,19,15,61,5,282,7,22,21,19,14,10,9,22,14,137,1269,2207,1760,2334,3300,3391,2195,6543,483,23480
59797,0,0,0,0,0,0,0,9,0,17,0,0,0,0,0,0,0,0,0,3,0,0,0,0,0,0,0,0,0,4,169,39,16,21,31,37,35,1225,31,1595
59999,151,420,248,209,103,133,71,182,30,1547,48,170,67,61,28,33,15,41,12,474,37,63,40,19,8,15,3,17,22,229,3494,7379,5206,6234,5877,9732,4125,11072,1251,54378
60101,3,14,4,8,9,18,0,8,3,75,0,8,4,5,7,5,0,0,0,26,3,6,0,0,0,3,0,0,3,12,126,366,270,326,530,501,267,394,46,2825
60102,23,104,74,62,56,39,17,47,7,429,11,60,23,21,3,15,0,7,4,137,0,30,14,11,3,4,0,8,12,77,586,2100,1683,2030,3072,2400,1191,1519,216,14795
60103,16,133,95,65,71,62,33,54,13,539,11,60,37,11,13,14,9,14,4,170,5,25,17,14,7,7,4,5,15,92,733,2354,2071,2559,4415,3612,2139,2313,409,20606
60104,5,91,58,19,25,25,9,21,8,259,5,33,18,11,3,4,3,11,5,101,0,19,10,4,0,0,0,0,3,40,296,1489,988,1119,1272,1157,637,892,122,7970
60105,61,345,212,180,197,134,72,145,19,1360,22,143,58,40,33,32,19,34,9,390,8,85,27,18,14,10,10,11,19,204,2200,6196,5692,7110,11978,7744,4268,5503,654,51349
60106,7,38,16,14,12,6,8,17,7,125,4,16,11,10,4,3,0,5,0,53,0,11,5,3,0,0,3,0,0,26,141,610,432,443,443,448,189,353,48,3108
60201,63,258,170,126,128,106,45,91,26,1014,20,125,50,37,18,25,9,35,11,321,6,80,18,11,7,6,0,4,11,150,1494,4842,4282,5151,7926,5649,2971,3964,594,36869
60202,26,52,28,36,10,25,7,49,11,250,3,19,22,15,4,16,10,17,4,113,0,8,13,16,0,10,3,25,0,75,255,759,635,649,695,748,433,881,109,5172
60203,21,115,78,53,38,44,27,89,11,476,6,62,29,30,11,29,9,26,3,202,14,38,25,11,6,12,4,27,7,149,488,1446,1205,1514,2028,1811,1219,1869,235,11808
60301,5,18,16,13,10,21,3,30,9,123,0,21,9,4,0,11,5,23,3,69,5,7,5,8,3,4,3,8,3,45,91,265,236,256,280,359,167,483,69,2207
60302,13,63,32,39,17,27,7,22,4,222,5,31,13,3,6,5,5,10,3,82,3,18,4,7,5,3,3,5,11,58,186,775,616,693,692,802,352,663,116,4887
60303,11,32,12,19,6,13,5,16,3,124,0,14,11,9,4,7,3,9,3,59,3,6,4,3,0,3,3,0,6,29,126,389,243,320,300,262,154,309,57,2166
60401,34,107,69,56,60,60,26,59,11,485,13,51,27,17,7,11,9,25,15,175,3,32,15,21,3,7,3,9,12,109,763,2499,2138,2436,3548,2828,1611,2283,333,18442
60402,38,143,77,57,48,60,25,71,12,529,6,63,28,31,6,24,10,18,11,202,3,33,18,11,6,11,10,12,10,116,843,2284,1901,2273,3127,2450,1472,2106,312,16767
60403,15,46,32,34,24,20,13,61,6,245,9,25,11,12,4,8,6,16,8,93,10,12,11,8,8,5,8,7,10,81,372,772,667,721,1007,960,864,1683,162,7203
69797,0,0,0,0,0,0,0,0,0,0,0,0,0,0,0,0,0,0,0,0,0,0,0,0,0,0,0,0,0,0,5,6,3,0,3,3,3,28,0,55
69999,24,83,51,32,13,25,7,29,6,278,7,22,17,15,3,5,0,7,13,85,4,20,7,3,4,3,0,3,7,54,518,1454,963,1119,1132,1649,727,1317,250,9132
70101,28,64,61,60,139,121,33,116,9,631,11,37,15,20,20,29,14,24,6,178,3,17,3,8,15,10,3,11,7,88,1079,1376,1530,2069,6657,5809,3083,5243,563,27413
70102,34,64,51,54,122,92,35,101,14,568,12,40,16,17,26,18,8,21,0,162,3,17,9,9,4,3,0,4,4,62,957,1847,1753,2099,5085,4177,2148,4086,517,22672
70103,16,28,23,29,39,24,21,86,5,275,0,11,9,4,13,12,7,20,3,82,3,11,0,0,4,7,0,7,0,32,845,601,542,653,1662,2002,1401,6858,334,14906
70104,3,25,9,25,22,12,6,19,3,132,0,7,4,6,9,11,3,7,0,45,0,3,0,3,0,3,0,0,0,18,291,713,575,761,1636,1278,706,1280,155,7396
70201,29,46,42,39,84,81,39,98,9,464,3,20,16,20,20,16,8,26,5,138,3,16,5,8,4,6,3,11,0,62,721,939,903,1395,3959,3211,1646,3152,359,16277
70202,0,4,6,0,14,11,3,16,3,63,0,3,0,0,0,4,3,3,0,19,0,0,0,0,0,0,3,0,0,6,84,97,88,159,460,302,114,533,63,1913
70203,4,9,12,8,19,14,3,36,4,113,4,9,0,3,3,10,0,10,5,40,4,3,4,0,3,3,0,4,3,21,206,355,264,335,849,793,288,1116,226,4432
70204,10,8,10,15,18,17,10,26,7,113,0,3,3,6,4,7,3,10,0,25,0,0,0,0,3,0,0,3,3,12,290,243,305,405,713,733,407,1203,169,4453
70205,5,18,31,17,32,28,18,42,4,203,0,18,3,0,16,9,5,17,5,70,3,8,0,3,3,3,0,7,5,36,286,453,330,462,1339,1109,614,1683,252,6525
79797,0,0,0,0,0,0,0,0,0,3,0,0,0,0,0,0,0,0,0,0,0,0,0,0,0,0,0,0,0,0,9,0,3,3,4,4,7,60,3,91
79999,12,18,10,3,6,16,4,22,3,98,7,12,4,0,3,0,6,4,0,29,4,0,0,3,0,4,0,3,0,20,334,295,225,297,358,561,299,1194,109,3674
80101,33,181,97,84,92,56,42,74,7,660,12,82,41,30,23,14,11,19,6,230,12,40,10,9,12,6,3,5,6,100,1217,3416,2565,3016,6389,5245,2653,3526,443,28466
80103,14,19,22,18,45,51,10,36,4,220,3,14,7,3,0,6,3,13,0,49,0,6,6,6,0,0,3,4,3,22,478,749,711,954,2993,3161,1769,2199,181,13195
80104,11,63,47,27,37,39,20,38,6,292,4,35,22,9,8,15,5,15,3,114,3,20,3,4,6,8,0,6,0,48,501,2108,1285,1472,3015,2725,1373,2146,211,14840
80105,62,169,131,107,222,187,77,126,21,1110,9,84,37,36,45,32,15,26,7,293,12,50,12,11,7,13,5,3,6,130,2744,4773,4544,5590,16429,13250,6908,8012,988,63241
80106,76,234,159,170,205,181,106,151,11,1294,21,89,56,42,41,42,28,42,7,368,10,64,25,23,9,20,3,18,15,188,2353,4243,3826,4771,12036,11819,6387,7904,789,54124
80107,31,94,57,52,50,61,28,40,4,418,9,49,24,13,9,13,7,10,5,134,0,27,10,3,7,4,0,0,0,55,748,2542,1657,2046,4102,3509,1701,2028,261,18594
80108,4,48,26,20,9,17,6,17,0,147,4,24,16,14,8,4,4,6,0,70,0,16,0,3,0,0,0,4,3,27,162,750,496,532,769,607,298,515,61,4182
80109,35,100,71,78,78,71,23,60,10,523,11,44,32,26,18,27,10,5,3,172,9,35,16,8,6,3,0,7,11,103,1178,2179,2089,2789,5567,4381,2137,2673,329,23316
80110,0,4,0,0,0,0,0,0,0,9,0,0,0,0,0,0,0,0,0,4,0,0,0,0,0,0,0,0,0,0,6,25,22,25,46,62,28,55,8,280
80111,0,0,0,0,0,3,0,3,0,9,0,0,0,0,0,0,0,0,0,3,0,0,0,0,0,0,0,0,0,0,11,26,26,23,96,93,54,75,4,403
89797,0,0,0,0,0,0,0,0,0,0,0,0,0,0,0,0,0,0,0,0,0,0,0,0,0,0,0,0,0,0,0,0,0,0,0,0,0,0,0,0
89999,12,54,30,31,17,31,12,12,0,199,4,22,6,4,0,3,4,4,5,53,4,15,3,0,0,0,0,0,4,32,317,1019,574,659,860,1521,641,1078,157,6817
90101,4,9,5,4,21,6,12,19,0,78,0,0,0,0,8,6,3,0,0,13,0,0,0,0,0,0,0,0,0,5,82,67,54,61,250,162,132,167,16,986
90102,0,4,0,0,0,3,0,0,0,8,0,0,0,0,0,0,0,3,0,3,0,0,0,0,0,0,0,0,0,0,17,31,14,29,46,27,13,48,14,237
90103,0,0,0,0,0,0,0,0,0,7,0,0,0,0,0,0,0,0,0,3,0,0,0,0,0,0,0,0,0,0,31,24,31,28,89,54,83,131,11,478
90104,3,10,3,13,10,9,5,12,3,74,0,13,4,0,3,3,0,7,0,34,0,9,3,5,0,0,0,5,3,33,43,104,89,123,216,162,96,128,29,988
99797,0,0,0,0,0,0,0,0,0,0,0,0,0,0,0,0,0,0,0,0,0,0,0,0,0,0,0,0,0,0,0,0,0,0,0,0,0,0,0,0
99999,3,0,0,0,0,0,0,0,0,3,0,0,0,0,0,0,0,0,0,0,0,0,0,0,0,0,0,0,0,0,31,8,6,7,4,22,4,31,6,118