GCCSA_CODE_2016,Tot_65_69_HW_0,Tot_65_69_HW_1_15,Tot_65_69_HW_16_24,Tot_65_69_HW_25_34,Tot_65_69_HW_35_39,Tot_65_69_HW_40,Tot_65_69_HW_41_48,Tot_65_69_HW_49mor,Tot_65_69_HW_NS,Tot_65_69_Tot,Tot_70_74_HW_0,Tot_70_74_HW_1_15,Tot_70_74_HW_16_24,Tot_70_74_HW_25_34,Tot_70_74_HW_35_39,Tot_70_74_HW_40,Tot_70_74_HW_41_48,Tot_70_74_HW_49mor,Tot_70_74_HW_NS,Tot_70_74_Tot,Tot_75ov_HW_0,Tot_75ov_HW_1_15,Tot_75ov_HW_16_24,Tot_75ov_HW_25_34,Tot_75ov_HW_35_39,Tot_75ov_HW_40,Tot_75ov_HW_41_48,Tot_75ov_HW_49mor,Tot_75ov_HW_NS,Tot_75ov_Tot,Tot_Tot_HW_0,Tot_Tot_HW_1_15,Tot_Tot_HW_16_24,Tot_Tot_HW_25_34,Tot_Tot_HW_35_39,Tot_Tot_HW_40,Tot_Tot_HW_41_48,Tot_Tot_HW_49mor,Tot_Tot_HW_NS,Tot_Tot_Tot
9OTER,7,24,9,20,36,24,14,30,6,167,0,13,4,0,10,7,5,7,0,54,0,11,3,5,0,0,0,10,3,35,168,227,177,244,591,410,319,476,75,2692
99799,0,0,0,0,0,0,0,0,0,0,0,0,0,0,0,0,0,0,0,0,0,0,0,0,0,0,0,0,0,0,0,0,0,0,0,0,0,0,0,0
99499,3,0,0,0,0,0,0,0,0,3,0,0,0,0,0,0,0,0,0,0,0,0,0,0,0,0,0,0,0,0,31,8,6,7,4,22,4,31,6,118
8ACTE,273,908,618,568,737,663,311,543,65,4678,76,413,232,171,149,149,71,136,38,1437,46,250,80,66,49,60,17,46,54,665,9400,20815,17212,21208,51430,44855,23313,29131,3273,220639
89799,0,0,0,0,0,0,0,0,0,0,0,0,0,0,0,0,0,0,0,0,0,0,0,0,0,0,0,0,0,0,0,0,0,0,0,0,0,0,0,0
89499,12,54,30,31,17,31,12,12,0,199,4,22,6,4,0,3,4,4,5,53,4,15,3,0,0,0,0,0,4,32,317,1019,574,659,860,1521,641,1078,157,6817
7RNTE,56,89,102,77,166,149,73,220,28,953,11,52,22,29,45,37,18,63,13,293,6,26,15,10,12,10,10,25,7,130,1581,2091,1889,2754,7310,6152,3073,7684,1071,33604
7GDAR,85,180,147,164,318,257,99,320,36,1608,24,95,50,48,68,66,28,72,10,464,9,52,17,28,24,21,9,27,15,195,3166,4534,4399,5589,15038,13267,7341,17475,1571,72381
79799,0,0,0,0,0,0,0,0,0,3,0,0,0,0,0,0,0,0,0,0,0,0,0,0,0,0,0,0,0,0,9,0,3,3,4,4,7,60,3,91
79499,12,18,10,3,6,16,4,22,3,98,7,12,4,0,3,0,6,4,0,29,4,0,0,3,0,4,0,3,0,20,334,295,225,297,358,561,299,1194,109,3674
6RTAS,238,826,514,432,340,372,164,489,88,3466,67,414,205,152,63,121,53,176,63,1314,47,229,129,99,36,61,37,107,74,821,4615,14021,11926,14015,19611,15870,9238,14234,1978,105512
6GHOB,121,726,469,345,359,280,131,300,51,2792,60,328,143,91,63,72,35,70,19,883,27,177,63,53,26,23,22,20,49,462,4087,13123,11144,13585,21716,15861,8686,10971,1488,100657
69799,0,0,0,0,0,0,0,0,0,0,0,0,0,0,0,0,0,0,0,0,0,0,0,0,0,0,0,0,0,0,5,6,3,0,3,3,3,28,0,55
69499,24,83,51,32,13,25,7,29,6,278,7,22,17,15,3,5,0,7,13,85,4,20,7,3,4,3,0,3,7,54,518,1454,963,1119,1132,1649,727,1317,250,9132
5RWAU,500,1435,920,792,660,857,517,1717,180,7576,204,729,419,352,141,282,155,585,113,2981,116,437,240,238,89,204,71,290,156,1836,13665,23776,19150,23242,30816,32950,24588,75352,5099,248646
5GPER,1141,4818,3741,2873,3073,2831,1441,2465,312,22701,367,2407,1326,935,594,683,301,630,191,7422,178,1296,620,362,193,255,125,242,186,3458,29838,107120,90511,94072,162135,163795,81234,119064,13860,861625
59799,0,0,0,0,0,0,0,9,0,17,0,0,0,0,0,0,0,0,0,3,0,0,0,0,0,0,0,0,0,4,169,39,16,21,31,37,35,1225,31,1595
59499,151,420,248,209,103,133,71,182,30,1547,48,170,67,61,28,33,15,41,12,474,37,63,40,19,8,15,3,17,22,229,3494,7379,5206,6234,5877,9732,4125,11072,1251,54378
4RSAU,363,1173,777,710,481,639,344,1050,126,5664,147,584,348,318,125,243,115,385,103,2361,106,425,179,196,110,161,67,237,163,1646,6274,18522,14999,18889,23937,21215,13371,26246,2837,146296
4GADE,764,3427,2319,2050,2206,1688,1003,1702,244,15392,232,1668,796,631,426,390,195,499,146,4981,137,830,333,282,167,159,114,187,193,2404,20058,71191,58493,74087,124691,87913,52235,65077,8419,562169
49799,0,0,0,0,0,0,0,0,0,0,0,0,0,0,0,0,0,0,0,0,0,0,0,0,0,0,0,0,0,0,14,6,3,3,8,4,5,19,0,64
49499,92,355,174,169,84,98,49,114,21,1163,24,155,62,48,16,37,3,24,13,375,19,58,22,19,6,18,3,8,24,185,1811,5455,3686,4687,4523,5944,2625,4868,699,34306
3RQLD,1311,5714,3692,3863,3511,3397,1702,5197,655,29047,485,2889,1555,1376,814,1100,484,1964,396,11068,285,1551,716,687,324,552,267,1160,582,6129,33928,111995,93066,126092,182712,154180,91046,175001,18808,986831
3GBRI,1065,4483,3205,3274,3588,3084,1528,3208,403,23825,301,2191,1201,998,657,803,384,903,206,7639,156,1109,474,409,255,275,126,335,310,3444,33638,110315,98916,118510,215752,194748,101065,154777,17182,1044909
39799,0,0,0,0,0,0,0,3,0,3,0,0,0,0,0,0,3,0,0,4,0,0,0,0,0,0,0,0,0,0,24,7,3,7,12,17,15,114,11,202
39499,236,757,416,426,177,312,128,365,80,2887,92,317,136,109,43,56,43,87,45,924,52,136,61,30,24,15,14,34,47,410,4788,12939,9269,11598,11824,17984,8844,19262,2400,98920
2RVIC,1318,4245,2809,2576,1902,2225,1007,3081,420,19587,442,1964,1062,914,471,719,313,1234,318,7430,334,1199,643,653,337,530,228,780,456,5154,23240,75313,61408,70241,94825,91371,48617,79978,11362,556360
2GMEL,2223,10064,7567,7102,7200,6601,2964,5506,983,50203,838,5193,2782,2269,1654,1753,706,1605,525,17325,462,2910,1189,968,617,696,262,742,691,8544,62425,237071,212509,220837,400143,415093,193178,275097,38427,2054783
29799,0,0,0,0,0,0,0,0,0,3,0,0,0,0,0,0,0,0,0,3,0,0,0,0,0,0,0,0,0,0,22,8,9,3,11,15,13,76,9,155
29499,222,1011,560,465,269,389,134,290,80,3434,103,469,175,151,58,115,34,83,61,1240,60,214,81,55,29,52,18,40,61,612,5166,16553,12058,13727,15286,26497,9591,17030,3122,119037
1RNSW,1709,7003,5005,3898,3567,3781,1646,5330,775,32718,659,3521,1974,1587,822,1290,563,2155,523,13101,466,2044,1161,939,503,850,373,1399,860,8600,36838,124279,108045,125237,187282,163016,86119,147852,19936,998604
1GSYD,2217,10307,8893,6520,8393,8279,3294,6709,981,55585,811,5447,3619,2368,2016,2284,836,1869,492,19736,457,3173,1570,1127,666,896,296,810,613,9601,63483,219530,227588,210069,435891,478836,207773,330121,42846,2216135
19799,0,0,0,0,0,0,0,0,0,0,0,0,0,0,0,0,0,0,0,3,0,0,0,0,0,0,0,0,0,0,9,6,5,5,3,9,7,34,0,90
19499,310,1197,707,587,318,530,191,460,117,4419,117,536,260,177,71,114,44,130,58,1508,76,220,112,60,23,40,20,44,91,688,6077,19722,15762,16389,17452,30717,11319,22127,3790,143362